GN_Mechs,,,
Davion_Light_Mechs,Mech
Davion_Medium_Mechs,Mech
Davion_Heavy_Mechs,Mech
ComStar_Light_Mechs,Mech
ComStar_Medium_Mechs,Mech
ComStar_Heavy_Mechs,Mech
Kurita_Light_Mechs,Mech
Kurita_Medium_Mechs,Mech
Kurita_Heavy_Mechs,Mech
Liao_Light_Mechs,Mech
Liao_Medium_Mechs,Mech
Liao_Heavy_Mechs,Mech
Steiner_Light_Mechs,Mech
Steiner_Medium_Mechs,Mech
Steiner_Heavy_Mechs,Mech
Periphery_Light_Mechs,Mech
Periphery_Medium_Mechs,Mech
Periphery_Heavy_Mechs,Mech
InnerSphere_Light_Mechs,Mech
InnerSphere_Medium_Mechs,Mech
InnerSphere_Heavy_Mechs,Mech
Clan_Light_Mechs,Mech
Clan_Medium_Mechs,Mech
Clan_Heavy_Mechs,Mech
